{"name":"6271b12d-4b71-449b-bbe3-e2828a7908e7","id":"/providers/Microsoft.Flow/flows/6271b12d-4b71-449b-bbe3-e2828a7908e7","type":"Microsoft.Flow/flows","properties":{"apiId":"/providers/Microsoft.PowerApps/apis/shared_logicflows","displayName":"Power Platform End to End Example","definition":{"metadata":{"workflowEntityId":null,"creator":{"id":"2029cc59-1b5f-4c67-a05b-1132c1f2b46e","type":"User","tenantId":"0aa5c83c-93f3-4f4d-a72f-7be9309196a6"},"provisioningMethod":"FromDefinition","failureAlertSubscription":true,"clientLastModifiedTime":"2019-10-15T01:53:36.6420105Z"},"$schema":"https://schema.management.azure.com/providers/Microsoft.Logic/schemas/2016-06-01/workflowdefinition.json#","contentVersion":"1.0.0.0","parameters":{"$connections":{"defaultValue":{},"type":"Object"},"$authentication":{"defaultValue":{},"type":"SecureObject"}},"triggers":{"manual":{"type":"Request","kind":"PowerApp","inputs":{"schema":{"type":"object","properties":{"Startandwaitforanapproval_Assignedto":{"type":"string","format":"email","description":"Email addresses, separated by a semicolon (;). This parameter is used as part of \"E1507F85-EB96-41DB-89DC-8E798D983BFA\"","x-ms-powerflows-param-ispartial":true},"Updatearecord_Recordidentifier":{"type":"string","description":"Identifier for the record","x-ms-powerflows-param-ispartial":false}},"required":["Startandwaitforanapproval_Assignedto","Updatearecord_Recordidentifier"]}}}},"actions":{"Start_and_wait_for_an_approval":{"runAfter":{},"metadata":{"flowSystemMetadata":{"swaggerOperationId":"approvalSubscribeV2"}},"type":"ApiConnectionWebhook","inputs":{"host":{"connection":{"name":"@json(decodeBase64(triggerOutputs().headers['X-MS-APIM-Tokens']))['$connections']['shared_approvals']['connectionId']"},"api":{"runtimeUrl":"https://unitedstates-002.azure-apim.net/apim/approvals"}},"body":{"notificationUrl":"@{listCallbackUrl()}","title":"Do you accept this appointment?","assignedTo":"@{triggerBody()['Startandwaitforanapproval_Assignedto']};","details":"Please select approve if you accept this appointment","enableNotifications":true},"path":"/types/@{encodeURIComponent('Basic')}/$subscriptions","authentication":{"type":"Raw","value":"@json(decodeBase64(triggerOutputs().headers['X-MS-APIM-Tokens']))['$ConnectionKey']"}}},"Apply_to_each":{"foreach":"@body('Start_and_wait_for_an_approval')?['responses']","actions":{"Condition":{"actions":{"Update_a_record":{"runAfter":{},"metadata":{"flowSystemMetadata":{"swaggerOperationId":"PatchItem_V2"}},"type":"ApiConnection","inputs":{"host":{"connection":{"name":"@json(decodeBase64(triggerOutputs().headers['X-MS-APIM-Tokens']))['$connections']['shared_commondataservice']['connectionId']"},"api":{"runtimeUrl":"https://unitedstates-002.azure-apim.net/apim/commondataservice"}},"method":"patch","body":{"crab1_doctoraccepted":"Accepted"},"path":"/v2/datasets/@{encodeURIComponent(encodeURIComponent('orgc53168c9.crm'))}/tables/@{encodeURIComponent(encodeURIComponent('crab1_vetappointments'))}/items/@{encodeURIComponent(encodeURIComponent(triggerBody()['Updatearecord_Recordidentifier']))}","authentication":{"type":"Raw","value":"@json(decodeBase64(triggerOutputs().headers['X-MS-APIM-Tokens']))['$ConnectionKey']"}}}},"runAfter":{},"else":{"actions":{"Update_a_record_2":{"runAfter":{},"metadata":{"flowSystemMetadata":{"swaggerOperationId":"PatchItem_V2"}},"type":"ApiConnection","inputs":{"host":{"connection":{"name":"@json(decodeBase64(triggerOutputs().headers['X-MS-APIM-Tokens']))['$connections']['shared_commondataservice']['connectionId']"},"api":{"runtimeUrl":"https://unitedstates-002.azure-apim.net/apim/commondataservice"}},"method":"patch","body":{"crab1_doctoraccepted":"Rejected","_ownerid_type":""},"path":"/v2/datasets/@{encodeURIComponent(encodeURIComponent('orgc53168c9.crm'))}/tables/@{encodeURIComponent(encodeURIComponent('crab1_vetappointments'))}/items/@{encodeURIComponent(encodeURIComponent(triggerBody()['Updatearecord_Recordidentifier']))}","authentication":{"type":"Raw","value":"@json(decodeBase64(triggerOutputs().headers['X-MS-APIM-Tokens']))['$ConnectionKey']"}}}}},"expression":{"equals":["@items('Apply_to_each')?['approverResponse']","Approve"]},"type":"If"}},"runAfter":{"Start_and_wait_for_an_approval":["Succeeded"]},"type":"Foreach"}},"outputs":{}},"connectionReferences":{"shared_approvals":{"connectionName":"shared-approvals-2fd592ed-e1be-41a8-93a9-89a5848ff0fd","source":"Invoker","id":"/providers/Microsoft.PowerApps/apis/shared_approvals","tier":"NotSpecified"},"shared_commondataservice":{"connectionName":"176c724be5c84e65b5f44eb0974110d8","source":"Invoker","id":"/providers/Microsoft.PowerApps/apis/shared_commondataservice","tier":"NotSpecified"}},"flowFailureAlertSubscribed":false}}