{"schemaVersion":"1.0","appDefinitionTemplate":{"id":"/providers/Microsoft.PowerApps/apps/","type":"Microsoft.PowerApps/apps","tags":{"minimumRequiredApiVersion":"2.2.0"},"properties":{"appVersion":"2019-10-15T02:37:21Z","lifeCycleId":"Published","createdByClientVersion":{"major":3,"minor":19093,"build":16,"revision":0,"majorRevision":0,"minorRevision":0},"minClientVersion":{"major":3,"minor":19093,"build":16,"revision":0,"majorRevision":0,"minorRevision":0},"backgroundColor":"rgba(0, 176, 240, 1)","backgroundImageUri":"/9940062595201713692/N56bcf08c-f2e6-469a-80c3-03956f23311a-logoSmallFile","displayName":"Power Platform End to End Example","description":"","commitMessage":"","appUris":{"documentUri":{"value":"/9940062595201713692/Nea16cf7b-0cd4-48bf-849e-bf324c7893ff-document.msapp","readonlyValue":"/9940062595201713692/Nea16cf7b-0cd4-48bf-849e-bf324c7893ff-document.msapp"},"imageUris":[]},"createdTime":"0001-01-01T00:00:00Z","lastModifiedTime":"0001-01-01T00:00:00Z","sharedGroupsCount":0,"sharedUsersCount":0,"icons":{"smallIconUri":"/9940062595201713692/Nf281894e-62f2-4403-bf1a-171b39bb53d0-small.png","mediumIconUri":"/9940062595201713692/N56f7df61-8dc7-427a-999d-debbdd44836e-medium.png","largeIconUri":"/9940062595201713692/N72e0f5b9-35b3-4873-9d7d-26651aed8c66-large.png","wideIconUri":"/9940062595201713692/N5bc904e5-fa06-454d-9914-f45b910f183d-wide.png"},"connectionReferences":{"7e48cd53-c4ba-4534-aab7-3a00110d91ac":{"id":"b0365074-4ff8-4488-bbd6-cd8b4d66931d","displayName":"Logic flows","iconUri":"https://resourcestackdeploy.blob.core.windows.net/scripts/13276078.png","dataSources":["PowerPlatformEndtoEndExample"],"dependencies":["304b9bcb-8759-49fc-8d9a-64e0de6236b4","346e1e85-3843-4de1-b2c1-70e6b86d0470"],"dependents":[],"parameterHints":{"workflowName":{"value":"02706048-e752-4923-a92b-fff84a2628f4"},"304b9bcb-8759-49fc-8d9a-64e0de6236b4":{"value":"shared_approvals"},"346e1e85-3843-4de1-b2c1-70e6b86d0470":{"value":"shared_commondataservice"}},"isOnPremiseConnection":false,"bypassConsent":false,"dataSets":{},"apiTier":"Standard","isCustomApiConnection":false},"304b9bcb-8759-49fc-8d9a-64e0de6236b4":{"id":"4096368d-18b5-4d9b-83cc-72250de5e23c","displayName":"Approvals","iconUri":"https://psux.azureedge.net/Content/Images/Connectors/Approvals3.svg","dataSources":[],"dependencies":[],"dependents":["7e48cd53-c4ba-4534-aab7-3a00110d91ac"],"parameterHints":{},"isOnPremiseConnection":false,"bypassConsent":false,"dataSets":{},"apiTier":"Standard","isCustomApiConnection":false},"346e1e85-3843-4de1-b2c1-70e6b86d0470":{"id":"e51c60e7-f87b-4982-8f6a-538c6fb5deac","displayName":"Common Data Service","iconUri":"https://connectoricons-prod.azureedge.net/commondataservice/icon_1.0.1272.1735.png","dataSources":[],"dependencies":[],"dependents":["7e48cd53-c4ba-4534-aab7-3a00110d91ac"],"parameterHints":{},"isOnPremiseConnection":false,"bypassConsent":false,"dataSets":{},"apiTier":"Premium","isCustomApiConnection":false}},"databaseReferences":{"default.cds":{"databaseDetails":{"referenceType":"Environmental","environmentName":"default.cds"},"dataSources":{"Vet Appointments":{"entitySetName":"crab1_vetappointments","logicalName":"crab1_vetappointment"}}}},"almMode":"Environment"},"appComponents":[]}}