{"schemaVersion":"1.0","appDefinitionTemplate":{"id":"/providers/Microsoft.PowerApps/apps/","type":"Microsoft.PowerApps/apps","tags":{"minimumRequiredApiVersion":"2.2.0"},"properties":{"appVersion":"2019-11-13T04:29:04Z","lifeCycleId":"Published","createdByClientVersion":{"major":3,"minor":19104,"build":33,"revision":0,"majorRevision":0,"minorRevision":0},"minClientVersion":{"major":3,"minor":19104,"build":33,"revision":0,"majorRevision":0,"minorRevision":0},"backgroundColor":"rgba(0, 176, 240, 1)","backgroundImageUri":"/15447115665699480005/N146167ad-23a4-42ae-9ca9-a2b40a7ba0f7-logoSmallFile","displayName":"Student Absence Tracker","description":"","commitMessage":"","appUris":{"documentUri":{"value":"/15447115665699480005/N8b97c645-f241-4525-872e-27e59bbd8aed-document.msapp","readonlyValue":"/15447115665699480005/N8b97c645-f241-4525-872e-27e59bbd8aed-document.msapp"},"imageUris":[]},"createdTime":"0001-01-01T00:00:00Z","lastModifiedTime":"0001-01-01T00:00:00Z","sharedGroupsCount":0,"sharedUsersCount":0,"icons":{"smallIconUri":"/15447115665699480005/N7ca03170-6f70-4ad9-a4dc-d9913eec7541-small.png","mediumIconUri":"/15447115665699480005/Ne83c0a68-fd2c-490c-9614-2b55874ee844-medium.png","largeIconUri":"/15447115665699480005/Nf6b0a290-7319-42c8-8220-4073447bf855-large.png","wideIconUri":"/15447115665699480005/N352e5a7a-b79f-4249-9945-e94e8d355d39-wide.png"},"connectionReferences":{"2466b857-0b6e-4766-8ca4-b09f1bb3dd1d":{"id":"ac07b5bf-13c6-48f9-907c-3ff16f19defc","displayName":"Excel","iconUri":"https://connectoricons-prod.azureedge.net/excel/icon_1.0.1278.1753.png","dataSources":["Table1"],"dependencies":["be8ceaac-5724-40fb-9a43-29508a259c12"],"dependents":[],"parameterHints":{"be8ceaac-5724-40fb-9a43-29508a259c12":{"value":"fileSource"}},"isOnPremiseConnection":false,"dataSets":{"b!Fg7bh9vXeUefKX7nAPB86VA6EzIS4PlGkvMpF0Pb3ePWzCL3WOaSQaCx4F8pnCmP.01FZGK6OTH3CXS5GWW7JHYHNWEXYMNVDMU":{"dataSources":{"Table1":{"tableName":"Table1"}}}},"apiTier":"Standard","isCustomApiConnection":false},"be8ceaac-5724-40fb-9a43-29508a259c12":{"id":"dbb6cd78-751a-4c0b-b786-abddfcc8102e","displayName":"OneDrive for Business","iconUri":"https://connectoricons-prod.azureedge.net/onedriveforbusiness/icon_1.0.1278.1753.png","dataSources":[],"dependencies":[],"dependents":["2466b857-0b6e-4766-8ca4-b09f1bb3dd1d"],"parameterHints":{},"isOnPremiseConnection":false,"dataSets":{},"apiTier":"Standard","isCustomApiConnection":false}},"authorizationReferences":[{"resourceId":"powerbi"}],"databaseReferences":{},"almMode":"Environment","performanceOptimizationEnabled":false,"canConsumeAppPass":true},"isAppComponentLibrary":false,"appComponents":[]}}